letterboxd_uri,lb_name,lb_year,method,confidence,tmdb_id,tmdb_title,tmdb_year,votes,tmdb_url,auto,reason,verdict,note
https://boxd.it/Arw0,Aftersun,2022,dominant,1.00,965150,Aftersun,2022,1895,https://www.themoviedb.org/movie/965150,review,2 share title and year; 1895 votes dominate,correct,"reviewed against every same-title same-year rival; losers were shorts, music videos or adult titles at 0-11 votes"
https://boxd.it/Arlc,Air,2023,dominant,1.00,964980,Air,2023,2368,https://www.themoviedb.org/movie/964980,review,2 share title and year; 2368 votes dominate,correct,"reviewed against every same-title same-year rival; losers were shorts, music videos or adult titles at 0-11 votes"
https://boxd.it/29yE,Aladdin,1992,dominant,1.00,812,Aladdin,1992,12120,https://www.themoviedb.org/movie/812,review,3 share title and year; 12120 votes dominate,correct,"reviewed against every same-title same-year rival; losers were shorts, music videos or adult titles at 0-11 votes"
https://boxd.it/1Spq,Alice in Wonderland,2010,dominant,1.00,12155,Alice in Wonderland,2010,14918,https://www.themoviedb.org/movie/12155,review,3 share title and year; 14918 votes dominate,correct,"reviewed against every same-title same-year rival; losers were shorts, music videos or adult titles at 0-11 votes"
https://boxd.it/2awY,Alien,1979,dominant,1.00,348,Alien,1979,16558,https://www.themoviedb.org/movie/348,review,2 share title and year; 16558 votes dominate,correct,"reviewed against every same-title same-year rival; losers were shorts, music videos or adult titles at 0-11 votes"
https://boxd.it/toAu,Animal,2023,dominant,1.00,781732,Animal,2023,199,https://www.themoviedb.org/movie/781732,review,5 share title and year; 199 votes dominate,correct,"reviewed against every same-title same-year rival; losers were shorts, music videos or adult titles at 0-11 votes"
https://boxd.it/aNGk,Arrival,2016,dominant,1.00,329865,Arrival,2016,19570,https://www.themoviedb.org/movie/329865,review,3 share title and year; 19570 votes dominate,correct,"reviewed against every same-title same-year rival; losers were shorts, music videos or adult titles at 0-11 votes"
https://boxd.it/jKqG,Ballerina,2025,dominant,1.00,541671,Ballerina,2025,2767,https://www.themoviedb.org/movie/541671,review,2 share title and year; 2767 votes dominate,correct,"reviewed against every same-title same-year rival; losers were shorts, music videos or adult titles at 0-11 votes"
https://boxd.it/ar0c,Beauty and the Beast,2017,dominant,1.00,321612,Beauty and the Beast,2017,16079,https://www.themoviedb.org/movie/321612,review,2 share title and year; 16079 votes dominate,correct,"reviewed against every same-title same-year rival; losers were shorts, music videos or adult titles at 0-11 votes"
https://boxd.it/6JlY,Boss,2013,dominant,1.00,228355,Boss,2013,90,https://www.themoviedb.org/movie/228355,review,2 share title and year; 90 votes dominate,correct,"reviewed against every same-title same-year rival; losers were shorts, music videos or adult titles at 0-11 votes"
https://boxd.it/20WW,Brothers,2009,dominant,1.00,7445,Brothers,2009,3971,https://www.themoviedb.org/movie/7445,review,2 share title and year; 3971 votes dominate,correct,"reviewed against every same-title same-year rival; losers were shorts, music videos or adult titles at 0-11 votes"
https://boxd.it/hHUa,Burning,2018,dominant,1.00,491584,Burning,2018,1840,https://www.themoviedb.org/movie/491584,review,2 share title and year; 1840 votes dominate,correct,"reviewed against every same-title same-year rival; losers were shorts, music videos or adult titles at 0-11 votes"
https://boxd.it/tbf4,CODA,2021,dominant,1.00,776503,CODA,2021,2639,https://www.themoviedb.org/movie/776503,review,3 share title and year; 2639 votes dominate,correct,"reviewed against every same-title same-year rival; losers were shorts, music videos or adult titles at 0-11 votes"
https://boxd.it/8jSc,Daddy's Home,2015,dominant,1.00,274167,Daddy's Home,2015,3468,https://www.themoviedb.org/movie/274167,review,2 share title and year; 3468 votes dominate,correct,"reviewed against every same-title same-year rival; losers were shorts, music videos or adult titles at 0-11 votes"
https://boxd.it/1Leq,Devdas,2002,dominant,1.00,15917,Devdas,2002,385,https://www.themoviedb.org/movie/15917,review,2 share title and year; 385 votes dominate,correct,"reviewed against every same-title same-year rival; losers were shorts, music videos or adult titles at 0-11 votes"
https://boxd.it/1IAI,Don,2006,dominant,1.00,17501,Don,2006,311,https://www.themoviedb.org/movie/17501,review,3 share title and year; 311 votes dominate,correct,"reviewed against every same-title same-year rival; losers were shorts, music videos or adult titles at 0-11 votes"
https://boxd.it/3DX2,Escape Plan,2013,dominant,1.00,107846,Escape Plan,2013,5648,https://www.themoviedb.org/movie/107846,review,2 share title and year; 5648 votes dominate,correct,"reviewed against every same-title same-year rival; losers were shorts, music videos or adult titles at 0-11 votes"
https://boxd.it/DoK,Friends with Benefits,2011,dominant,1.00,50544,Friends with Benefits,2011,8451,https://www.themoviedb.org/movie/50544,review,2 share title and year; 8451 votes dominate,correct,"reviewed against every same-title same-year rival; losers were shorts, music videos or adult titles at 0-11 votes"
https://boxd.it/S8M,Frozen,2010,dominant,1.00,44363,Frozen,2010,2029,https://www.themoviedb.org/movie/44363,review,2 share title and year; 2029 votes dominate,correct,"reviewed against every same-title same-year rival; losers were shorts, music videos or adult titles at 0-11 votes"
https://boxd.it/g3uO,Glass,2019,dominant,1.00,450465,Glass,2019,9158,https://www.themoviedb.org/movie/450465,review,3 share title and year; 9158 votes dominate,correct,"reviewed against every same-title same-year rival; losers were shorts, music videos or adult titles at 0-11 votes"
https://boxd.it/5B7s,Hercules,2014,dominant,1.00,184315,Hercules,2014,4393,https://www.themoviedb.org/movie/184315,review,2 share title and year; 4393 votes dominate,correct,"reviewed against every same-title same-year rival; losers were shorts, music videos or adult titles at 0-11 votes"
https://boxd.it/7pEy,Highway,2014,dominant,1.00,252841,Highway,2014,186,https://www.themoviedb.org/movie/252841,review,3 share title and year; 186 votes dominate,correct,"reviewed against every same-title same-year rival; losers were shorts, music videos or adult titles at 0-11 votes"
https://boxd.it/6JxA,Home,2015,dominant,1.00,228161,Home,2015,4265,https://www.themoviedb.org/movie/228161,review,5 share title and year; 4265 votes dominate,correct,"reviewed against every same-title same-year rival; losers were shorts, music videos or adult titles at 0-11 votes"
https://boxd.it/4KHC,Inside Out,2015,dominant,1.00,150540,Inside Out,2015,23641,https://www.themoviedb.org/movie/150540,review,2 share title and year; 23641 votes dominate,correct,"reviewed against every same-title same-year rival; losers were shorts, music videos or adult titles at 0-11 votes"
https://boxd.it/bC8e,It,2017,dominant,1.00,346364,It,2017,20465,https://www.themoviedb.org/movie/346364,review,2 share title and year; 20465 votes dominate,correct,"reviewed against every same-title same-year rival; losers were shorts, music videos or adult titles at 0-11 votes"
https://boxd.it/7aVY,Jai Ho,2014,dominant,1.00,244237,Jai Ho,2014,99,https://www.themoviedb.org/movie/244237,review,2 share title and year; 99 votes dominate,correct,"reviewed against every same-title same-year rival; losers were shorts, music videos or adult titles at 0-11 votes"
https://boxd.it/38EI,Journey to the Center of the Earth,2008,dominant,1.00,88751,Journey to the Center of the Earth,2008,5210,https://www.themoviedb.org/movie/88751,review,3 share title and year; 5210 votes dominate,correct,"reviewed against every same-title same-year rival; losers were shorts, music videos or adult titles at 0-11 votes"
https://boxd.it/8DPW,Kick,2014,dominant,1.00,280690,Kick,2014,176,https://www.themoviedb.org/movie/280690,review,2 share title and year; 176 votes dominate,correct,"reviewed against every same-title same-year rival; losers were shorts, music videos or adult titles at 0-11 votes"
https://boxd.it/HTqS,Kill,2023,dominant,0.90,1160018,Kill,2024,511,https://www.themoviedb.org/movie/1160018,review,2 exact titles near the year; 511 votes dominate,correct,"reviewed against every same-title same-year rival; losers were shorts, music videos or adult titles at 0-11 votes"
https://boxd.it/7Q9s,Knock Knock,2015,dominant,1.00,263472,Knock Knock,2015,3529,https://www.themoviedb.org/movie/263472,review,2 share title and year; 3529 votes dominate,correct,"reviewed against every same-title same-year rival; losers were shorts, music videos or adult titles at 0-11 votes"
https://boxd.it/5rQs,"Like Father, Like Son",2013,dominant,1.00,177945,"Like Father, Like Son",2013,805,https://www.themoviedb.org/movie/177945,review,2 share title and year; 805 votes dominate,correct,"reviewed against every same-title same-year rival; losers were shorts, music videos or adult titles at 0-11 votes"
https://boxd.it/2a0I,Men in Black,1997,dominant,1.00,607,Men in Black,1997,14971,https://www.themoviedb.org/movie/607,review,2 share title and year; 14971 votes dominate,correct,"reviewed against every same-title same-year rival; losers were shorts, music videos or adult titles at 0-11 votes"
https://boxd.it/oNB8,Past Lives,2023,dominant,1.00,666277,Past Lives,2023,2375,https://www.themoviedb.org/movie/666277,review,2 share title and year; 2375 votes dominate,correct,"reviewed against every same-title same-year rival; losers were shorts, music videos or adult titles at 0-11 votes"
https://boxd.it/eEQo,Pink,2016,dominant,1.00,415358,Pink,2016,247,https://www.themoviedb.org/movie/415358,review,2 share title and year; 247 votes dominate,correct,"reviewed against every same-title same-year rival; losers were shorts, music videos or adult titles at 0-11 votes"
https://boxd.it/Is7Q,Poison,2023,dominant,1.00,1172676,Poison,2023,604,https://www.themoviedb.org/movie/1172676,review,3 share title and year; 604 votes dominate,correct,"reviewed against every same-title same-year rival; losers were shorts, music videos or adult titles at 0-11 votes"
https://boxd.it/hoZg,Polar,2019,dominant,1.00,483906,Polar,2019,2525,https://www.themoviedb.org/movie/483906,review,2 share title and year; 2525 votes dominate,correct,"reviewed against every same-title same-year rival; losers were shorts, music videos or adult titles at 0-11 votes"
https://boxd.it/28Uk,Rocky,1976,dominant,1.00,1366,Rocky,1976,8727,https://www.themoviedb.org/movie/1366,review,2 share title and year; 8727 votes dominate,correct,"reviewed against every same-title same-year rival; losers were shorts, music videos or adult titles at 0-11 votes"
https://boxd.it/24EC,Scream,1996,dominant,1.00,4232,Scream,1996,8085,https://www.themoviedb.org/movie/4232,review,2 share title and year; 8085 votes dominate,correct,"reviewed against every same-title same-year rival; losers were shorts, music videos or adult titles at 0-11 votes"
https://boxd.it/xjfE,Smile,2022,dominant,1.00,882598,Smile,2022,4141,https://www.themoviedb.org/movie/882598,review,6 share title and year; 4141 votes dominate,correct,"reviewed against every same-title same-year rival; losers were shorts, music videos or adult titles at 0-11 votes"
https://boxd.it/E9IU,Superman,2025,dominant,1.00,1061474,Superman,2025,5104,https://www.themoviedb.org/movie/1061474,review,2 share title and year; 5104 votes dominate,correct,"reviewed against every same-title same-year rival; losers were shorts, music videos or adult titles at 0-11 votes"
https://boxd.it/1ZXa,Taken,2008,dominant,1.00,8681,Taken,2008,12206,https://www.themoviedb.org/movie/8681,review,3 share title and year; 12206 votes dominate,correct,"reviewed against every same-title same-year rival; losers were shorts, music videos or adult titles at 0-11 votes"
https://boxd.it/2b8y,Taxi Driver,1976,dominant,1.00,103,Taxi Driver,1976,13575,https://www.themoviedb.org/movie/103,review,2 share title and year; 13575 votes dominate,correct,"reviewed against every same-title same-year rival; losers were shorts, music videos or adult titles at 0-11 votes"
https://boxd.it/eP1w,The Babysitter,2017,dominant,1.00,419479,The Babysitter,2017,3945,https://www.themoviedb.org/movie/419479,review,3 share title and year; 3945 votes dominate,correct,"reviewed against every same-title same-year rival; losers were shorts, music videos or adult titles at 0-11 votes"
https://boxd.it/k4BO,The Brutalist,2024,dominant,1.00,549509,The Brutalist,2024,1704,https://www.themoviedb.org/movie/549509,review,2 share title and year; 1704 votes dominate,correct,"reviewed against every same-title same-year rival; losers were shorts, music videos or adult titles at 0-11 votes"
https://boxd.it/286k,The Devil's Advocate,1997,dominant,1.00,1813,The Devil's Advocate,1997,6896,https://www.themoviedb.org/movie/1813,review,2 share title and year; 6896 votes dominate,correct,"reviewed against every same-title same-year rival; losers were shorts, music videos or adult titles at 0-11 votes"
https://boxd.it/4p9a,The Heat,2013,dominant,1.00,136795,The Heat,2013,4201,https://www.themoviedb.org/movie/136795,review,2 share title and year; 4201 votes dominate,correct,"reviewed against every same-title same-year rival; losers were shorts, music videos or adult titles at 0-11 votes"
https://boxd.it/u6WE,The Killer,2023,dominant,1.00,800158,The Killer,2023,2879,https://www.themoviedb.org/movie/800158,review,2 share title and year; 2879 votes dominate,correct,"reviewed against every same-title same-year rival; losers were shorts, music videos or adult titles at 0-11 votes"
https://boxd.it/bhFc,The Layover,2017,dominant,1.00,339404,The Layover,2017,729,https://www.themoviedb.org/movie/339404,review,3 share title and year; 729 votes dominate,correct,"reviewed against every same-title same-year rival; losers were shorts, music videos or adult titles at 0-11 votes"
https://boxd.it/icFU,The Lighthouse,2019,dominant,1.00,503919,The Lighthouse,2019,5627,https://www.themoviedb.org/movie/503919,review,2 share title and year; 5627 votes dominate,correct,"reviewed against every same-title same-year rival; losers were shorts, music videos or adult titles at 0-11 votes"
https://boxd.it/QFQU,The Odyssey,2026,dominant,1.00,1368337,The Odyssey,2026,1407,https://www.themoviedb.org/movie/1368337,review,2 share title and year; 1407 votes dominate,correct,"reviewed against every same-title same-year rival; losers were shorts, music videos or adult titles at 0-11 votes"
https://boxd.it/eEVS,The Party,2017,dominant,1.00,415401,The Party,2017,608,https://www.themoviedb.org/movie/415401,review,2 share title and year; 608 votes dominate,correct,"reviewed against every same-title same-year rival; losers were shorts, music videos or adult titles at 0-11 votes"
https://boxd.it/Is80,The Swan,2023,dominant,1.00,1172675,The Swan,2023,560,https://www.themoviedb.org/movie/1172675,review,2 share title and year; 560 votes dominate,correct,"reviewed against every same-title same-year rival; losers were shorts, music videos or adult titles at 0-11 votes"
https://boxd.it/lMi4,The Tragedy of Macbeth,2021,dominant,1.00,591538,The Tragedy of Macbeth,2021,885,https://www.themoviedb.org/movie/591538,review,2 share title and year; 885 votes dominate,correct,"reviewed against every same-title same-year rival; losers were shorts, music videos or adult titles at 0-11 votes"
https://boxd.it/1DLc,Welcome,2007,dominant,1.00,20294,Welcome,2007,179,https://www.themoviedb.org/movie/20294,review,2 share title and year; 179 votes dominate,correct,"reviewed against every same-title same-year rival; losers were shorts, music videos or adult titles at 0-11 votes"
https://boxd.it/aXgc,A Star Is Born,2018,exact,1.00,332562,A Star Is Born,2018,12285,https://www.themoviedb.org/movie/332562,correct,exact title and year,correct,"folded title and year identical, single candidate"
https://boxd.it/el46,A Wrinkle in Time,2018,exact,1.00,407451,A Wrinkle in Time,2018,1871,https://www.themoviedb.org/movie/407451,correct,exact title and year,correct,"folded title and year identical, single candidate"
https://boxd.it/1uXy,Aladin,2009,exact,1.00,25868,Aladin,2009,103,https://www.themoviedb.org/movie/25868,correct,exact title and year,correct,"folded title and year identical, single candidate"
https://boxd.it/28Vs,American Psycho,2000,exact,1.00,1359,American Psycho,2000,12453,https://www.themoviedb.org/movie/1359,correct,exact title and year,correct,"folded title and year identical, single candidate"
https://boxd.it/1Lmk,Bachna Ae Haseeno,2008,exact,1.00,15864,Bachna Ae Haseeno,2008,94,https://www.themoviedb.org/movie/15864,correct,exact title and year,correct,"folded title and year identical, single candidate"
https://boxd.it/aqNs,Batman vs. Robin,2015,exact,1.00,321528,Batman vs. Robin,2015,1006,https://www.themoviedb.org/movie/321528,correct,exact title and year,correct,"folded title and year identical, single candidate"
https://boxd.it/22Vw,Bee Movie,2007,exact,1.00,5559,Bee Movie,2007,5336,https://www.themoviedb.org/movie/5559,correct,exact title and year,correct,"folded title and year identical, single candidate"
https://boxd.it/1T8U,Bunty Aur Babli,2005,exact,1.00,11763,Bunty Aur Babli,2005,89,https://www.themoviedb.org/movie/11763,correct,exact title and year,correct,"folded title and year identical, single candidate"
https://boxd.it/89Ja,Captain America: Civil War,2016,exact,1.00,271110,Captain America: Civil War,2016,24198,https://www.themoviedb.org/movie/271110,correct,exact title and year,correct,"folded title and year identical, single candidate"
https://boxd.it/1alk,Casino Royale,2006,exact,1.00,36557,Casino Royale,2006,11805,https://www.themoviedb.org/movie/36557,correct,exact title and year,correct,"folded title and year identical, single candidate"
https://boxd.it/1NhQ,Coraline,2009,exact,1.00,14836,Coraline,2009,9166,https://www.themoviedb.org/movie/14836,correct,exact title and year,correct,"folded title and year identical, single candidate"
https://boxd.it/DA96,Crew,2024,exact,1.00,1045931,Crew,2024,77,https://www.themoviedb.org/movie/1045931,correct,exact title and year,correct,"folded title and year identical, single candidate"
https://boxd.it/3XyQ,Dawn of the Planet of the Apes,2014,exact,1.00,119450,Dawn of the Planet of the Apes,2014,12327,https://www.themoviedb.org/movie/119450,correct,exact title and year,correct,"folded title and year identical, single candidate"
https://boxd.it/1HbC,Days of Being Wild,1990,exact,1.00,18311,Days of Being Wild,1990,596,https://www.themoviedb.org/movie/18311,correct,exact title and year,correct,"folded title and year identical, single candidate"
https://boxd.it/9fOC,Deadpool,2016,exact,1.00,293660,Deadpool,2016,32951,https://www.themoviedb.org/movie/293660,correct,exact title and year,correct,"folded title and year identical, single candidate"
https://boxd.it/2MOw,Desi Boyz,2011,exact,1.00,79990,Desi Boyz,2011,113,https://www.themoviedb.org/movie/79990,correct,exact title and year,correct,"folded title and year identical, single candidate"
https://boxd.it/2a1G,E.T. the Extra-Terrestrial,1982,exact,1.00,601,E.T. the Extra-Terrestrial,1982,12101,https://www.themoviedb.org/movie/601,correct,exact title and year,correct,"folded title and year identical, single candidate"
https://boxd.it/29eu,For a Few Dollars More,1965,exact,1.00,938,For a Few Dollars More,1965,4526,https://www.themoviedb.org/movie/938,correct,exact title and year,correct,"folded title and year identical, single candidate"
https://boxd.it/fcFu,Good Time,2017,exact,1.00,429200,Good Time,2017,3160,https://www.themoviedb.org/movie/429200,correct,exact title and year,correct,"folded title and year identical, single candidate"
https://boxd.it/29FA,GoodFellas,1990,exact,1.00,769,GoodFellas,1990,14531,https://www.themoviedb.org/movie/769,correct,exact title and year,correct,"folded title and year identical, single candidate"
https://boxd.it/hNVe,Hereditary,2018,exact,1.00,493922,Hereditary,2018,8724,https://www.themoviedb.org/movie/493922,correct,exact title and year,correct,"folded title and year identical, single candidate"
https://boxd.it/2cBQ,Iron Man 3,2013,exact,1.00,68721,Iron Man 3,2013,23584,https://www.themoviedb.org/movie/68721,correct,exact title and year,correct,"folded title and year identical, single candidate"
https://boxd.it/29Ag,Lolita,1962,exact,1.00,802,Lolita,1962,2266,https://www.themoviedb.org/movie/802,correct,exact title and year,correct,"folded title and year identical, single candidate"
https://boxd.it/ou2o,Ludo,2020,exact,1.00,658412,Ludo,2020,131,https://www.themoviedb.org/movie/658412,correct,exact title and year,correct,"folded title and year identical, single candidate"
https://boxd.it/1Tnq,Mamma Mia!,2008,exact,1.00,11631,Mamma Mia!,2008,7069,https://www.themoviedb.org/movie/11631,correct,exact title and year,correct,"folded title and year identical, single candidate"
https://boxd.it/1CbM,Maqbool,2003,exact,1.00,21265,Maqbool,2003,70,https://www.themoviedb.org/movie/21265,correct,exact title and year,correct,"folded title and year identical, single candidate"
https://boxd.it/16Sk,Megamind,2010,exact,1.00,38055,Megamind,2010,7557,https://www.themoviedb.org/movie/38055,correct,exact title and year,correct,"folded title and year identical, single candidate"
https://boxd.it/2a0y,Men in Black II,2002,exact,1.00,608,Men in Black II,2002,10744,https://www.themoviedb.org/movie/608,correct,exact title and year,correct,"folded title and year identical, single candidate"
https://boxd.it/7j9Y,Nymphomaniac: Vol. II,2013,exact,1.00,249397,Nymphomaniac: Vol. II,2013,3223,https://www.themoviedb.org/movie/249397,correct,exact title and year,correct,"folded title and year identical, single candidate"
https://boxd.it/1WRS,Pineapple Express,2008,exact,1.00,10189,Pineapple Express,2008,4263,https://www.themoviedb.org/movie/10189,correct,exact title and year,correct,"folded title and year identical, single candidate"
https://boxd.it/27Z4,Pirates of the Caribbean: On Stranger Tides,2011,exact,1.00,1865,Pirates of the Caribbean: On Stranger Tides,2011,15082,https://www.themoviedb.org/movie/1865,correct,exact title and year,correct,"folded title and year identical, single candidate"
https://boxd.it/74TW,R... Rajkumar,2013,exact,1.00,240614,R... Rajkumar,2013,104,https://www.themoviedb.org/movie/240614,correct,exact title and year,correct,"folded title and year identical, single candidate"
https://boxd.it/iclg,Raid,2018,exact,1.00,503838,Raid,2018,134,https://www.themoviedb.org/movie/503838,correct,exact title and year,correct,"folded title and year identical, single candidate"
https://boxd.it/2bbs,Raiders of the Lost Ark,1981,exact,1.00,85,Raiders of the Lost Ark,1981,13776,https://www.themoviedb.org/movie/85,correct,exact title and year,correct,"folded title and year identical, single candidate"
https://boxd.it/28Ua,Rocky II,1979,exact,1.00,1367,Rocky II,1979,4868,https://www.themoviedb.org/movie/1367,correct,exact title and year,correct,"folded title and year identical, single candidate"
https://boxd.it/2tHQ,Sahib Bibi Aur Ghulam,1962,exact,1.00,70366,Sahib Bibi Aur Ghulam,1962,13,https://www.themoviedb.org/movie/70366,correct,exact title and year,correct,"folded title and year identical, single candidate"
https://boxd.it/HIBg,Satluj,2026,exact,1.00,1155818,Satluj,2026,14,https://www.themoviedb.org/movie/1155818,correct,exact title and year,correct,"folded title and year identical, single candidate"
https://boxd.it/1Saq,Sholay,1975,exact,1.00,12259,Sholay,1975,322,https://www.themoviedb.org/movie/12259,correct,exact title and year,correct,"folded title and year identical, single candidate"
https://boxd.it/3Icg,Snowpiercer,2013,exact,1.00,110415,Snowpiercer,2013,10516,https://www.themoviedb.org/movie/110415,correct,exact title and year,correct,"folded title and year identical, single candidate"
https://boxd.it/mSas,Superman: Red Son,2020,exact,1.00,618355,Superman: Red Son,2020,906,https://www.themoviedb.org/movie/618355,correct,exact title and year,correct,"folded title and year identical, single candidate"
https://boxd.it/1Tjo,Tae Guk Gi: The Brotherhood of War,2004,exact,1.00,11658,Tae Guk Gi: The Brotherhood of War,2004,776,https://www.themoviedb.org/movie/11658,correct,exact title and year,correct,"folded title and year identical, single candidate"
https://boxd.it/1PgU,The Chaser,2008,exact,1.00,13855,The Chaser,2008,1566,https://www.themoviedb.org/movie/13855,correct,exact title and year,correct,"folded title and year identical, single candidate"
https://boxd.it/dYOq,The Irishman,2019,exact,1.00,398978,The Irishman,2019,7590,https://www.themoviedb.org/movie/398978,correct,exact title and year,correct,"folded title and year identical, single candidate"
https://boxd.it/1YHU,The Royal Tenenbaums,2001,exact,1.00,9428,The Royal Tenenbaums,2001,5085,https://www.themoviedb.org/movie/9428,correct,exact title and year,correct,"folded title and year identical, single candidate"
https://boxd.it/1QhE,Transporter 3,2008,exact,1.00,13387,Transporter 3,2008,3710,https://www.themoviedb.org/movie/13387,correct,exact title and year,correct,"folded title and year identical, single candidate"
https://boxd.it/5MPq,Ugly,2013,exact,1.00,191726,Ugly,2013,136,https://www.themoviedb.org/movie/191726,correct,exact title and year,correct,"folded title and year identical, single candidate"
https://boxd.it/275g,Valkyrie,2008,exact,1.00,2253,Valkyrie,2008,4133,https://www.themoviedb.org/movie/2253,correct,exact title and year,correct,"folded title and year identical, single candidate"
https://boxd.it/1QE4,Watchmen,2009,exact,1.00,13183,Watchmen,2009,10101,https://www.themoviedb.org/movie/13183,correct,exact title and year,correct,"folded title and year identical, single candidate"
https://boxd.it/27ug,X-Men Origins: Wolverine,2009,exact,1.00,2080,X-Men Origins: Wolverine,2009,11350,https://www.themoviedb.org/movie/2080,correct,exact title and year,correct,"folded title and year identical, single candidate"
https://boxd.it/1a7i,X2,2003,exact,1.00,36658,X2,2003,10982,https://www.themoviedb.org/movie/36658,correct,exact title and year,correct,"folded title and year identical, single candidate"
https://boxd.it/TFGw,Adolescence,2025,television,,,,,,,review,"matched a television series, excluded from the film catalog",correct,"confirmed as a series (anime, miniseries or docuseries)"
https://boxd.it/V9Fq,American Manhunt: Osama bin Laden,2025,television,,,,,,,review,"matched a television series, excluded from the film catalog",correct,"confirmed as a series (anime, miniseries or docuseries)"
https://boxd.it/pMu8,Azumanga Daioh,2002,television,,,,,,,review,"matched a television series, excluded from the film catalog",correct,"confirmed as a series (anime, miniseries or docuseries)"
https://boxd.it/FPsm,BEEF,2023,television,,,,,,,review,"matched a television series, excluded from the film catalog",correct,"confirmed as a series (anime, miniseries or docuseries)"
https://boxd.it/aRNY,Band of Brothers,2001,television,,,,,,,review,"matched a television series, excluded from the film catalog",correct,"confirmed as a series (anime, miniseries or docuseries)"
https://boxd.it/SvrE,Black Warrant,2025,television,,,,,,,review,"matched a television series, excluded from the film catalog",correct,"confirmed as a series (anime, miniseries or docuseries)"
https://boxd.it/mkbG,Chernobyl,2019,television,,,,,,,review,"matched a television series, excluded from the film catalog",correct,"confirmed as a series (anime, miniseries or docuseries)"
https://boxd.it/COP4,Cyberpunk: Edgerunners,2022,television,,,,,,,review,"matched a television series, excluded from the film catalog",correct,"confirmed as a series (anime, miniseries or docuseries)"
https://boxd.it/pKsE,Demon Slayer: Kimetsu no Yaiba,2019,television,,,,,,,review,"matched a television series, excluded from the film catalog",correct,"confirmed as a series (anime, miniseries or docuseries)"
https://boxd.it/ptii,Fullmetal Alchemist: Brotherhood,2009,television,,,,,,,review,"matched a television series, excluded from the film catalog",correct,"confirmed as a series (anime, miniseries or docuseries)"
https://boxd.it/xQqK,Hawkeye,2021,television,,,,,,,review,"matched a television series, excluded from the film catalog",correct,"confirmed as a series (anime, miniseries or docuseries)"
https://boxd.it/sOve,JUJUTSU KAISEN,2020,television,,,,,,,review,"matched a television series, excluded from the film catalog",correct,"confirmed as a series (anime, miniseries or docuseries)"
https://boxd.it/sbHg,Loki,2021,television,,,,,,,review,"matched a television series, excluded from the film catalog",correct,"confirmed as a series (anime, miniseries or docuseries)"
https://boxd.it/u2h8,Mare of Easttown,2021,television,,,,,,,review,"matched a television series, excluded from the film catalog",correct,"confirmed as a series (anime, miniseries or docuseries)"
https://boxd.it/zeDq,Moon Knight,2022,television,,,,,,,review,"matched a television series, excluded from the film catalog",correct,"confirmed as a series (anime, miniseries or docuseries)"
https://boxd.it/ptEI,Neon Genesis Evangelion,1995,television,,,,,,,review,"matched a television series, excluded from the film catalog",correct,"confirmed as a series (anime, miniseries or docuseries)"
https://boxd.it/yLBA,Obi-Wan Kenobi,2022,television,,,,,,,review,"matched a television series, excluded from the film catalog",correct,"confirmed as a series (anime, miniseries or docuseries)"
https://boxd.it/WPD4,Omar,2012,television,,,,,,,review,"matched a television series, excluded from the film catalog",unsure,TMDB has an Arabic series 'Omar' (2012); a Palestinian film 'Omar' exists but is dated 2013
https://boxd.it/mwuq,Our Planet,2019,television,,,,,,,review,"matched a television series, excluded from the film catalog",correct,"confirmed as a series (anime, miniseries or docuseries)"
https://boxd.it/A8vM,Paatal Lok,2020,television,,,,,,,review,"matched a television series, excluded from the film catalog",correct,"confirmed as a series (anime, miniseries or docuseries)"
https://boxd.it/pDn8,Parasyte -the maxim-,2014,television,,,,,,,review,"matched a television series, excluded from the film catalog",correct,"confirmed as a series (anime, miniseries or docuseries)"
https://boxd.it/j1Pc,Patrick Melrose,2018,television,,,,,,,review,"matched a television series, excluded from the film catalog",correct,"confirmed as a series (anime, miniseries or docuseries)"
https://boxd.it/14zy4,Raakh,2026,television,,,,,,,review,"matched a television series, excluded from the film catalog",unsure,could not confirm whether the 2026 entry is the series or a film
https://boxd.it/py3M,Rascal Does Not Dream of Bunny Girl Senpai,2018,television,,,,,,,review,"matched a television series, excluded from the film catalog",correct,"confirmed as a series (anime, miniseries or docuseries)"
https://boxd.it/psNE,Steins;Gate,2011,television,,,,,,,review,"matched a television series, excluded from the film catalog",correct,"confirmed as a series (anime, miniseries or docuseries)"
https://boxd.it/Rr4a,The Day of the Jackal,2024,television,,,,,,,review,"matched a television series, excluded from the film catalog",correct,"confirmed as a series (anime, miniseries or docuseries)"
https://boxd.it/SZeg,The Greatest Rivalry: India vs Pakistan,2025,television,,,,,,,review,"matched a television series, excluded from the film catalog",correct,"confirmed as a series (anime, miniseries or docuseries)"
https://boxd.it/QkIU,The Penguin,2024,television,,,,,,,review,"matched a television series, excluded from the film catalog",correct,"confirmed as a series (anime, miniseries or docuseries)"
https://boxd.it/JJLq,The Railway Men - The Untold Story of Bhopal 1984,2023,television,,,,,,,review,"matched a television series, excluded from the film catalog",correct,"confirmed as a series (anime, miniseries or docuseries)"
https://boxd.it/qdwU,Vinland Saga,2019,television,,,,,,,review,"matched a television series, excluded from the film catalog",correct,"confirmed as a series (anime, miniseries or docuseries)"
https://boxd.it/px3Q,Violet Evergarden,2018,television,,,,,,,review,"matched a television series, excluded from the film catalog",correct,"confirmed as a series (anime, miniseries or docuseries)"
https://boxd.it/sbGW,WandaVision,2021,television,,,,,,,review,"matched a television series, excluded from the film catalog",correct,"confirmed as a series (anime, miniseries or docuseries)"
https://boxd.it/AvT8,We Own This City,2022,television,,,,,,,review,"matched a television series, excluded from the film catalog",correct,"confirmed as a series (anime, miniseries or docuseries)"
https://boxd.it/28XI,300,2006,trigram,0.90,1271,300,2007,14875,https://www.themoviedb.org/movie/1271,review,"exact title, year off by 1",correct,"identical title, release year off by one (festival premiere vs wide release)"
https://boxd.it/96Fm,Court,2014,trigram,0.90,290815,Court,2015,73,https://www.themoviedb.org/movie/290815,review,"exact title, year off by 1",correct,"identical title, release year off by one (festival premiere vs wide release)"
https://boxd.it/1dy2,Enter the Void,2009,trigram,0.90,34647,Enter the Void,2010,2014,https://www.themoviedb.org/movie/34647,review,"exact title, year off by 1",correct,"identical title, release year off by one (festival premiere vs wide release)"
https://boxd.it/1Tj4,Following,1998,trigram,0.90,11660,Following,1999,1891,https://www.themoviedb.org/movie/11660,review,"exact title, year off by 1",correct,"identical title, release year off by one (festival premiere vs wide release)"
https://boxd.it/207a,Funny Games,2007,trigram,0.90,8461,Funny Games,2008,2298,https://www.themoviedb.org/movie/8461,review,"exact title, year off by 1",correct,"identical title, release year off by one (festival premiere vs wide release)"
https://boxd.it/20DU,Hard Eight,1996,trigram,0.90,8052,Hard Eight,1997,995,https://www.themoviedb.org/movie/8052,review,"exact title, year off by 1",correct,"identical title, release year off by one (festival premiere vs wide release)"
https://boxd.it/jZ8C,House of Hummingbird,2018,trigram,0.90,547404,House of Hummingbird,2019,117,https://www.themoviedb.org/movie/547404,review,"exact title, year off by 1",correct,"identical title, release year off by one (festival premiere vs wide release)"
https://boxd.it/H4k,Insidious,2010,trigram,0.90,49018,Insidious,2011,7410,https://www.themoviedb.org/movie/49018,review,"exact title, year off by 1",correct,"identical title, release year off by one (festival premiere vs wide release)"
https://boxd.it/6dxe,Kingsman: The Secret Service,2014,trigram,0.90,207703,Kingsman: The Secret Service,2015,17934,https://www.themoviedb.org/movie/207703,review,"exact title, year off by 1",correct,"identical title, release year off by one (festival premiere vs wide release)"
https://boxd.it/I0mS,Lost Ladies,2023,trigram,0.90,1163194,Lost Ladies,2024,162,https://www.themoviedb.org/movie/1163194,review,"exact title, year off by 1",correct,"identical title, release year off by one (festival premiere vs wide release)"
https://boxd.it/l7zS,Mission: Impossible – Dead Reckoning,2023,trigram,0.79,575264,Mission: Impossible - Dead Reckoning Part One,2023,5217,https://www.themoviedb.org/movie/575264,review,"fuzzy title 0.79, year off by 0",correct,"identical title, release year off by one (festival premiere vs wide release)"
https://boxd.it/py6Q,Monster,2004,trigram,0.90,504,Monster,2003,2580,https://www.themoviedb.org/movie/504,review,"exact title, year off by 1",correct,"identical title, release year off by one (festival premiere vs wide release)"
https://boxd.it/237s,"Salò, or the 120 Days of Sodom",1975,trigram,0.90,5336,"Salò, or the 120 Days of Sodom",1976,2323,https://www.themoviedb.org/movie/5336,review,"exact title, year off by 1",correct,"identical title, release year off by one (festival premiere vs wide release)"
https://boxd.it/2arO,Snow White and the Seven Dwarfs,1937,trigram,0.90,408,Snow White and the Seven Dwarfs,1938,8033,https://www.themoviedb.org/movie/408,review,"exact title, year off by 1",correct,"identical title, release year off by one (festival premiere vs wide release)"
https://boxd.it/i7Q4,Sound of Metal,2019,trigram,0.90,502033,Sound of Metal,2020,2878,https://www.themoviedb.org/movie/502033,review,"exact title, year off by 1",correct,"identical title, release year off by one (festival premiere vs wide release)"
https://boxd.it/KyOU,Superboys of Malegaon,2024,trigram,0.90,1226572,Superboys of Malegaon,2025,50,https://www.themoviedb.org/movie/1226572,review,"exact title, year off by 1",correct,"identical title, release year off by one (festival premiere vs wide release)"
https://boxd.it/hyjk,The Death of Superman,2018,trigram,0.90,487670,The Death of Superman,2019,632,https://www.themoviedb.org/movie/487670,review,"exact title, year off by 1",correct,"identical title, release year off by one (festival premiere vs wide release)"
https://boxd.it/iYBQ,The Gentlemen,2019,trigram,0.90,522627,The Gentlemen,2020,6703,https://www.themoviedb.org/movie/522627,review,"exact title, year off by 1",correct,"identical title, release year off by one (festival premiere vs wide release)"
https://boxd.it/3mDu,The Place Beyond the Pines,2012,trigram,0.90,97367,The Place Beyond the Pines,2013,5245,https://www.themoviedb.org/movie/97367,review,"exact title, year off by 1",correct,"identical title, release year off by one (festival premiere vs wide release)"
https://boxd.it/2b7K,Three Colours: Blue,1993,trigram,0.76,108,Three Colors: Blue,1993,1919,https://www.themoviedb.org/movie/108,review,"fuzzy title 0.76, year off by 0",correct,"identical title, release year off by one (festival premiere vs wide release)"
https://boxd.it/1Noi,Tom and Jerry: The Magic Ring,2001,trigram,0.90,14787,Tom and Jerry: The Magic Ring,2002,281,https://www.themoviedb.org/movie/14787,review,"exact title, year off by 1",correct,"identical title, release year off by one (festival premiere vs wide release)"
https://boxd.it/29Ik,V for Vendetta,2005,trigram,0.90,752,V for Vendetta,2006,15706,https://www.themoviedb.org/movie/752,review,"exact title, year off by 1",correct,"identical title, release year off by one (festival premiere vs wide release)"
https://boxd.it/1L3i,Vampire Hunter D: Bloodlust,2000,trigram,0.90,15999,Vampire Hunter D: Bloodlust,2001,818,https://www.themoviedb.org/movie/15999,review,"exact title, year off by 1",correct,"identical title, release year off by one (festival premiere vs wide release)"
https://boxd.it/fqQc,Ani*Kuri15: Good Morning,2007,unresolved,,,,,,,review,no candidate above threshold,correct,"declining was correct: several same-title same-year films, none dominant"
https://boxd.it/JyZw,Attack on Titan The Final Chapters: Special 2,2023,unresolved,,,,,,,review,no candidate above threshold,correct,"declining was correct: several same-title same-year films, none dominant"
https://boxd.it/a874,Baby,2015,unresolved,,,,,,,review,"4 candidates share title and year, none dominant",correct,"declining was correct: several same-title same-year films, none dominant"
https://boxd.it/8GwS,Fugly,2014,unresolved,,,,,,,review,"2 candidates share title and year, none dominant",correct,"declining was correct: several same-title same-year films, none dominant"
https://boxd.it/oCkK,Glass Onion,2022,unresolved,,,,,,,review,best title similarity 0.38 below 0.75,wrong,"real film; TMDB appended ': A Knives Out Mystery', similarity 0.38 below floor"
https://boxd.it/uOzu,Goodbye,2022,unresolved,,,,,,,review,"3 candidates share title and year, none dominant",correct,"declining was correct: several same-title same-year films, none dominant"
https://boxd.it/8j6i,Holiday,2014,unresolved,,,,,,,review,"2 candidates share title and year, none dominant",correct,"declining was correct: several same-title same-year films, none dominant"
https://boxd.it/eCrQ,Kill Bill: The Whole Bloody Affair,2004,unresolved,,,,,,,review,no candidate within 1 year(s),wrong,real (unofficial) release; no matching TMDB entry within a year
https://boxd.it/iBvg,Missing,2018,unresolved,,,,,,,review,"2 candidates share title and year, none dominant",correct,"declining was correct: several same-title same-year films, none dominant"
https://boxd.it/vG2,No Problem,2010,unresolved,,,,,,,review,"2 candidates share title and year, none dominant",correct,"declining was correct: several same-title same-year films, none dominant"
https://boxd.it/PNqo,Obsession,2025,unresolved,,,,,,,review,"4 candidates share title and year, none dominant; but 1339713 (2026, 3669 votes) is far more popular and one year off",correct,"declining was correct: several same-title same-year films, none dominant"
https://boxd.it/Jo62,PLUTO,2023,unresolved,,,,,,,review,"2 candidates share title and year, none dominant",correct,"declining was correct: several same-title same-year films, none dominant"
https://boxd.it/dgSy,Split,2016,unresolved,,,,,,,review,"4 candidates share title and year, none dominant; but 381288 (2017, 18447 votes) is far more popular and one year off",correct,"declining was correct: several same-title same-year films, none dominant"
https://boxd.it/1t3E,The Message,1976,unresolved,,,,,,,review,"2 candidates share title and year, none dominant",correct,"declining was correct: several same-title same-year films, none dominant"
https://boxd.it/uAKS,Wake Up Dead Man,2025,unresolved,,,,,,,review,best title similarity 0.46 below 0.75,wrong,"real film; TMDB appended ': A Knives Out Mystery', similarity 0.46 below floor"
